ID,Group,Satisfaction Rating
1,Male,Extremely Satisfied
2,Female,Satisfied
3,Male,Neither satisfied nor dissatisfied
4,Male,Dissatisfied
5,Male,Extremely dissatisfied
6,Male,Dissatisfied
7,Male,Dissatisfied
8,Male,Dissatisfied
9,Male,Dissatisfied
10,Male,Dissatisfied
11,Male,Dissatisfied
12,Male,Dissatisfied
13,Male,Dissatisfied
14,Male,Dissatisfied
15,Male,Dissatisfied
16,Male,Dissatisfied
17,Male,Dissatisfied
18,Male,Dissatisfied
19,Male,Dissatisfied
20,Male,Dissatisfied
21,Male,Dissatisfied
22,Male,Dissatisfied
23,Male,Dissatisfied
24,Male,Dissatisfied
25,Male,Dissatisfied
26,Male,Dissatisfied
27,Male,Extremely dissatisfied
28,Male,Extremely dissatisfied
29,Male,Extremely dissatisfied
30,Male,Extremely dissatisfied
31,Male,Extremely dissatisfied
32,Male,Extremely dissatisfied
33,Male,Extremely dissatisfied
34,Male,Extremely dissatisfied
35,Male,Extremely dissatisfied
36,Male,Extremely dissatisfied
37,Male,Extremely Satisfied
38,Male,Extremely Satisfied
39,Male,Extremely Satisfied
40,Male,Extremely Satisfied
41,Male,Extremely Satisfied
42,Male,Extremely Satisfied
43,Male,Extremely Satisfied
44,Male,Extremely Satisfied
45,Male,Extremely Satisfied
46,Male,Extremely Satisfied
47,Male,Extremely Satisfied
48,Male,Satisfied
49,Male,Satisfied
50,Male,Satisfied
51,Male,Satisfied
52,Male,Satisfied
53,Male,Satisfied
54,Male,Satisfied
55,Male,Satisfied
56,Male,Satisfied
57,Male,Satisfied
58,Male,Satisfied
59,Male,Satisfied
60,Male,Satisfied
61,Male,Satisfied
62,Male,Satisfied
63,Male,Satisfied
64,Male,Satisfied
65,Male,Satisfied
66,Male,Satisfied
67,Male,Satisfied
68,Male,Satisfied
69,Male,Satisfied
70,Male,Satisfied
71,Male,Satisfied
72,Male,Satisfied
73,Male,Satisfied
74,Male,Satisfied
75,Male,Satisfied
76,Male,Satisfied
77,Male,Satisfied
78,Male,Satisfied
79,Male,Neither satisfied nor dissatisfied
80,Male,Neither satisfied nor dissatisfied
81,Male,Neither satisfied nor dissatisfied
82,Male,Neither satisfied nor dissatisfied
83,Male,Neither satisfied nor dissatisfied
84,Male,Neither satisfied nor dissatisfied
85,Male,Neither satisfied nor dissatisfied
86,Male,Neither satisfied nor dissatisfied
87,Male,Neither satisfied nor dissatisfied
88,Male,Neither satisfied nor dissatisfied
89,Male,Neither satisfied nor dissatisfied
90,Male,Neither satisfied nor dissatisfied
91,Male,Neither satisfied nor dissatisfied
92,Male,Neither satisfied nor dissatisfied
93,Male,Neither satisfied nor dissatisfied
94,Male,Neither satisfied nor dissatisfied
95,Male,Neither satisfied nor dissatisfied
96,Male,Neither satisfied nor dissatisfied
97,Male,Neither satisfied nor dissatisfied
98,Male,Neither satisfied nor dissatisfied
99,Male,Neither satisfied nor dissatisfied
100,Male,Neither satisfied nor dissatisfied
101,Female,Extremely Satisfied
102,Female,Satisfied
103,Female,Neither satisfied nor dissatisfied
104,Female,Dissatisfied
105,Female,Extremely dissatisfied
106,Female,Satisfied
107,Female,Satisfied
108,Female,Satisfied
109,Female,Satisfied
110,Female,Satisfied
111,Female,Satisfied
112,Female,Satisfied
113,Female,Satisfied
114,Female,Satisfied
115,Female,Satisfied
116,Female,Satisfied
117,Female,Satisfied
118,Female,Satisfied
119,Female,Satisfied
120,Female,Satisfied
121,Female,Satisfied
122,Female,Satisfied
123,Female,Satisfied
124,Female,Satisfied
125,Female,Satisfied
126,Female,Satisfied
127,Female,Extremely dissatisfied
128,Female,Extremely dissatisfied
129,Female,Extremely dissatisfied
130,Female,Extremely dissatisfied
131,Female,Extremely dissatisfied
132,Female,Extremely dissatisfied
133,Female,Extremely dissatisfied
134,Female,Extremely dissatisfied
135,Female,Extremely dissatisfied
136,Female,Extremely dissatisfied
137,Female,Extremely Satisfied
138,Female,Extremely Satisfied
139,Female,Extremely Satisfied
140,Female,Extremely Satisfied
141,Female,Extremely Satisfied
142,Female,Extremely Satisfied
143,Female,Extremely Satisfied
144,Female,Extremely Satisfied
145,Female,Extremely Satisfied
146,Female,Extremely Satisfied
147,Female,Extremely Satisfied
148,Female,Dissatisfied
149,Female,Dissatisfied
150,Female,Dissatisfied
151,Female,Dissatisfied
152,Female,Dissatisfied
153,Female,Dissatisfied
154,Female,Dissatisfied
155,Female,Dissatisfied
156,Female,Dissatisfied
157,Female,Dissatisfied
158,Female,Dissatisfied
159,Female,Dissatisfied
160,Female,Dissatisfied
161,Female,Dissatisfied
162,Female,Dissatisfied
163,Female,Dissatisfied
164,Female,Dissatisfied
165,Female,Dissatisfied
166,Female,Dissatisfied
167,Female,Dissatisfied
168,Female,Dissatisfied
169,Female,Dissatisfied
170,Female,Dissatisfied
171,Female,Dissatisfied
172,Female,Dissatisfied
173,Female,Dissatisfied
174,Female,Dissatisfied
175,Female,Dissatisfied
176,Female,Dissatisfied
177,Female,Dissatisfied
178,Female,Dissatisfied
179,Female,Dissatisfied
180,Female,Dissatisfied
181,Female,Dissatisfied
182,Female,Dissatisfied
183,Female,Dissatisfied
184,Female,Dissatisfied
185,Female,Dissatisfied
186,Female,Dissatisfied
187,Female,Dissatisfied
188,Female,Neither satisfied nor dissatisfied
189,Female,Neither satisfied nor dissatisfied
190,Female,Neither satisfied nor dissatisfied
191,Female,Neither satisfied nor dissatisfied
192,Female,Neither satisfied nor dissatisfied
193,Female,Neither satisfied nor dissatisfied
194,Female,Neither satisfied nor dissatisfied
195,Female,Neither satisfied nor dissatisfied
196,Female,Neither satisfied nor dissatisfied
197,Female,Neither satisfied nor dissatisfied
198,Female,Neither satisfied nor dissatisfied
199,Female,Neither satisfied nor dissatisfied
200,Female,Neither satisfied nor dissatisfied
